title,price,authors,publisher,year
Воля дракона. Современная фантастика Польши,370,"Земянский Анджей, Жердиньски Мацей, Баранецкий Марек",Вече,2020
Иуда освобожденный,965,Гамильтон Питер,Фантастика,2022
Ключи истины. Часть 1. Учебник мечты. Книга 1. Фантастика,312,Славутич Марта,ИЦ Свет,2019
Семья фон Бек,858,Муркок Майкл,Фантастика,2022
Русская фантастика. XX век. Словарь с историко-теоретическим вступлением,215,Долгих Андрей Юрьевич,Флинта,2023
Украшения Паффи для шнурков. Фантастика,134,,Оригами,2022
Защитный рефлекс. Осужденные и глупые женщины: наверное - фантастика,338,Юленин Геннадий Валентинович,Спутник+,2015
Иерусалим правит,461,Муркок Майкл,Фантастика,2021
Спасения нет,804,Гамильтон Питер,Фантастика,2022
Византия сражается,481,Муркок Майкл,Фантастика,2015
Третье пришествие. Современная фантастика Болгарии,370,"Славов Атанас П., Чолаков Янчо, Петков Мартин",Вече,2020
Invisible Planets,1620,Liu Ken,Head of Zeus,2017
Rus BD. Избранное. Фантастика,703,"Пириянц Давид, Конопатова Мария, Капнинский Алексей Владимирович",Alpaca,2023
Второй шанс в Эдене,804,Гамильтон Питер,Фантастика,2022
По ту сторону снов. Хроники паданцев,884,Гамильтон Питер,Фантастика,2020
Элрик. Лунные дороги,965,Муркок Майкл,Фантастика,2022
Тайны Иллирии. Брак с летальным исходом,504,"Волжская Анастасия, Яблонцева Валерия",Альфа-книга,2022
"Пари, леди, или Укротить неукротимого",472,Сурикова Марьяна,Альфа-книга,2020
Черное знамя,174,Казаков Дмитрий Львович,Вече,2014
Сумеречье. Девчонка из Слезных трущоб,432,Матлак Ирина Александровна,Альфа-книга,2018
Аннигиляция. Завоевание. Книга первая,622,"Абнетт Дэн, Лэннинг Энди, Гиффен Кит",Фантастика,2020
Тень драконьего крыла,256,Матлак Ирина Александровна,Альфа-книга,2021
DVD. Стартрек. Бесконечность,268,Лин Джастин,Новый диск,2016
Шолох. Теневые блики,422,Крейн Антонина,Эксмо-Пресс,2024
Корона порока,236,Свон Таня,Альфа-книга,2021
Темные стихии,220,Скляр Виктория Владимировна,Альфа-книга,2018
Ай-тере. Право на свободу,496,Валентеева Ольга Александровна,Альфа-книга,2021
"Ученье - свет, а богов тьма",336,Жукова Юлия Борисовна,Альфа-книга,2014
Недостающее звено. Сборник рассказов,1088,Штерн Борис,Текст,2022
Белый тигр в дождливый вторник…,336,Коростышевская Татьяна Георгиевна,Альфа-книга,2015
Стажер диверсионной группы,424,Махров Алексей Михайлович,Яуза,2021
Невеста по вызову. Дорогами нечисти,228,Ветрова Варвара,Альфа-книга,2020
Ересь Хоруса. Книга VI. Эпоха тьмы. Отверженные мертвецы. Потерянное Освобождение,1608,"Макнилл Грэм, Торп Гэв",Фантастика,2021
Русская фантастика-2018. Том первый,Нет в продаже,"Громов Алекс, Федина Наталья , Ангелов Андрей Петрович",Эксмо,2018
Русская фантастика-2018. Том второй,Нет в продаже,"Немытов Николай, Александер Арти Д., Ангелов Андрей Петрович",Эксмо,2018
Фантастика без границ. Бескордонье,Нет в продаже,"Сафин Эльдар Фаритович, Кибальчич Фима, Акуленко Евгений",Т8,2020
Русская фантастика-2017. Том 1,Нет в продаже,Минаков И.,Эксмо,2017
Настоящая фантастика - 2017,Нет в продаже,"Панов Вадим Юрьевич, Казаков Дмитрий Львович, Веров Ярослав",Эксмо,2017
Лучшая зарубежная научная фантастика. После апокалипсиса. Антология,Нет в продаже,"Барнс Джон, Бродерик Дамиен, Маклеод Кен",Фантастика,2019
Фантастика и приключения (6 CDmp3),Нет в продаже,"Кун Николай Альбертович, Берроуз Эдгар Райс, Буссенар Луи Анри",Ардис,2012
Лучшая зарубежная научная фантастика. Звезды не лгут. Антология,Нет в продаже,"Кэдиган Пэт, Бир Элизабет, Тидхар Леви",Фантастика,2018
Лучшая зарубежная научная фантастика. Сумерки богов. Антология,Нет в продаже,"Корчагин Г., Колосова А., Буркина З.",Фантастика,2017
Лучшая зарубежная научная фантастика,Нет в продаже,"Бакстер Стивен, Суэнвик Майкл, Макдональд Йен",Фантастика,2014
Капитан Фантастик (DVD),204,,Новый диск,2016
Кинофантастика. Наука выносит вердикт,428,"Леук Ролан, Стейер Жан-Себастьян",Дискурс,2020
Шурупы,636,Васильев Владимир Николаевич,Феникс,2024
Пираты-призраки,451,Ходжсон Уильям Хоуп,Вече,2023
Кошмар на улице Стачек,551,Кивинов Андрей Владимирович,Центрполиграф,2020
Юнит,256,Хабарова Леока,Альфа-книга,2021
Вечный Воитель,Нет в продаже,Муркок Майкл,Фантастика,2015
Легенда о Темном Эльфе. Книга 5,Нет в продаже,Сальваторе Роберт,Фантастика,2020
Это фантастика! Комплект из 2 книг,2240,Булычев Кир,Текст,2022
Дозор навсегда. Лучшая фантастика - 2018,Нет в продаже,"Каганов Леонид Александрович, Зонис Юлия Александровна, Зарубина Дарья Николаевна",АСТ,2018
Сказки. Фантастика и вымысел в мировом кинематографе,Нет в продаже,Долин Антон Владимирович,АСТ,2023
Слуги справедливости. Слуги меча. Слуги милосердия,1286,Леки Энн,Фантастика,2021
"Журнал ""Знание-сила. Фантастика"" № 2. 2020",Нет в продаже,Харичев Игорь Александрович,Журнал Знание-сила,2020
Еврейская фантастика. Проходит все,Нет в продаже,"Амнуэль Павел Рафаэлович, Горелик Михаил Викторович, Гельфанд Михаил Сергеевич",Т8,2020
Фантастика будущего. Комплект из 3-х книг,Нет в продаже,"Чайковски Адриан, Лафферти Мер, Тидхар Леви",fanzon,2020
Тень рыцаря,Нет в продаже,де Кастелл Себастьян,Фантастика,2020
Нейтрониевый Алхимик,Нет в продаже,Гамильтон Питер,Фантастика,2019
Точное будущее. Лучшая фантастика — 2024,Нет в продаже,"Лукьяненко Сергей Васильевич, Логинов Святослав Владимирович, Лукин Евгений Юрьевич",АСТ,2023
"Дивный новый мир. Фантастика, утопия и антиутопия писателей русской эмиграции первой половины XX в.",1990,"Гидони А., Ремизов А., Лунц Л.",Алетейя,2024
Элрик из Мелнибонэ,Нет в продаже,Муркок Майкл,Фантастика,2017
Дисфункция реальности,Нет в продаже,Гамильтон Питер,Фантастика,2018
Эволюционирующая Бездна,Нет в продаже,Гамильтон Питер,Фантастика,2018
Найти себя. Лучшая фантастика — 2023,Нет в продаже,"Лукьяненко Сергей Васильевич, Дивов Олег Игоревич, Лукин Евгений Юрьевич",АСТ,2022
Игра престолов. Битва королей,Нет в продаже,Мартин Джордж Р. Р.,АСТ,2016
Веном. Земля до беззакония,Нет в продаже,Коста Майк,Фантастика,2020
Плоть и Сталь,Нет в продаже,Хейли Гай,Фантастика,2021
Сироты вечности,Нет в продаже,Симмонс Дэн,Азбука,2019
Победителей не судят,Нет в продаже,Колмаков Владислав Викторович,АСТ,2022
Лесничая для чародея,Нет в продаже,Комарова Марина Сергеевна,Альфа-книга,2017
Секретный проект,Нет в продаже,Комбат Найтов,ИД Ленинград,2013
"Прощай, Кобра!",Нет в продаже,Лавряшина Юлия Александровна,Аквилегия-М,2018
В пасти льва,Нет в продаже,Флинн Майкл Ф.,Фантастика,2016
Секретный рейс,Нет в продаже,Брукс Майк,Фантастика,2017
Запрет на вмешательство. Тактический уровень,Нет в продаже,Глебов Макс,Яуза,2021
Безмолвный дом,Нет в продаже,Хьюм Фергюс,Северо-Запад,2021
Глубина. Прыгун,Нет в продаже,Подлевский Марцин,АСТ,2020
Звезды - холодные игрушки (CDmp3),Нет в продаже,Лукьяненко Сергей Васильевич,Аудиокнига,2011
Престиж,990,Прист Кристофер,АСТ,2022
Золотая пуля,Нет в продаже,"Врочек Шимун, Некрасов Юрий Александрович",Эксмо,2019
Этот бессмертный,Нет в продаже,Желязны Роджер,Эксмо,2020
Шестеренки апокалипсиса,Нет в продаже,Горбачев Ярослав Георгиевич,АСТ,2017
Пришельцы ниоткуда,Нет в продаже,Карсак Франсис,Азбука,2021
Королева Солнца,Нет в продаже,"Нортон Андрэ, Смит Шервуд, Гриффин Полин М.",Азбука,2022
Дух мщения,Нет в продаже,Макнилл Грэм,Фантастика,2016
Мицелий. Янтарные глаза,Нет в продаже,Кадлечкова Вилма,АСТ,2022
Эсминцы. Коса смерти,Нет в продаже,Ангелов Августин,АСТ,2024
Лезвие бритвы (2CDmp3),Нет в продаже,Ефремов Иван Антонович,Ардис,2010
Бешеный прапорщик,Нет в продаже,"Зурков Дмитрий Аркадьевич, Черепнев Игорь Аркадьевич",АСТ,2019
"Вариант ""Севастополь""",Нет в продаже,Комбат Найтов,АСТ,2016
Тропой мужества,Нет в продаже,Стрелков Владислав Валентинович,АСТ,2021
Избранница стража мглы. Цветок из пламени,Нет в продаже,Чернованова Валерия Михайловна,Альфа-книга,2019
Черный гондольер,Нет в продаже,Лейбер Фриц,Азбука,2022
"Жизнь, Вселенная и все остальное (CDmp3)",Нет в продаже,Адамс Дуглас,Аудиокнига,2011
Адмиралы Арктики,Нет в продаже,Плетнев Александр Владимирович,АСТ,2018
Повелитель света,Нет в продаже,Ренар Морис,Азбука,2023
Люди как боги,Нет в продаже,Снегов Сергей Александрович,Азбука,2024
"Богатые тоже скачут, или Где спит совесть",Нет в продаже,"Славачевская Юлия Владимировна, Рыбицкая Марина Борисовна",Альфа-книга,2013
Путешествие Алисы,Нет в продаже,Булычев Кир,Малыш,2023
Диверсант. Дорога домой,Нет в продаже,Юрасов Алексей Алексеевич,Эксмо,2020
Командир Красной Армии. Офицер Красной Армии. Сборник,Нет в продаже,Поселягин Владимир Геннадьевич,АСТ,2022
"Самоход. ""Прощай, Родина!""",Нет в продаже,Корчевский Юрий Григорьевич,Эксмо,2017
Сказания Земноморья,Нет в продаже,Ле Гуин Урсула,Азбука,2024
"Рандеву с ""Варягом""",Нет в продаже,"Михайловский Александр Борисович, Харников Александр Петрович",АСТ,2016
CDmp3 Золотые костры,Нет в продаже,Пехов Алексей Юрьевич,Ардис,2018
Машина различий,Нет в продаже,"Гибсон Уильям, Стерлинг Брюс ",Азбука,2023
Антология фантастического рассказа (CDmp3),Нет в продаже,"Паршкевич Геннадий, Клугер Даниэль, Бачило Александр Геннадьевич",Ардис,2013
Зона справедливости,Нет в продаже,Лукин Евгений Юрьевич,Вече,2017
Веном. Космический рыцарь. Книга 1. Агент Космоса,Нет в продаже,Томпсон Робби,Фантастика,2018
Третий сын,Нет в продаже,Ежов Константин Владимирович,АСТ,2021
Сквозь кровь и пламя,999,Кейхилл Райан,fanzon,2024
Медаль за город Вашингтон,Нет в продаже,"Михайловский Александр Борисович, Харников Александр Петрович",АСТ,2021
Ульрика-вампир,2143,,Фантастика,2022
Вокзал потерянных снов,Нет в продаже,Мьевиль Чайна,Fanzon,2017
Знак Хаоса,Нет в продаже,Желязны Роджер,Эксмо-Пресс,2017
Наблюдатель,1225,"Кресс Нэнси, Ланца Роберт",fanzon,2024
В интересах Рода,Нет в продаже,Листратов Валерий,АСТ,2024
Голубятня на желтой поляне,Нет в продаже,Крапивин Владислав Петрович,Амфора,2015
Новая Ева,Нет в продаже,"Флэтчер Том, Флэтчер Джованна",АСТ,2019
Град обреченный (2CDmp3),Нет в продаже,"Стругацкий Аркадий Натанович, Стругацкий Борис Натанович",Ардис,2013
"Новые амазонки, или Сексмиссия",Нет в продаже,Махульский Юлиуш,Новый диск,2012
Варяг. Князь,624,Мазин Александр Владимирович,Эксмо,2018
Щипач,Нет в продаже,Корчевский Юрий Григорьевич,АСТ,2021
Сорок дней Муса-Дага,Нет в продаже,Верфель Франц,Престиж БУК,2024
Туманность Андромеды,Нет в продаже,Ефремов Иван Антонович,Эксмо,2018
"Бамблби. Трансформеры. 6 фильмов + карточки, комикс (6DVD)",Нет в продаже,"Бэй Майкл, Найт Трэвис",НД Плэй,2020
Шанс милосердия,Нет в продаже,Юрьев Сергей Станиславович,Вече,2021
Посмотри в глаза чудовищ,Нет в продаже,"Лазарчук Андрей Геннадьевич, Успенский Михаил Глебович",Т8,2022
Родиться надо богиней,Нет в продаже,Фирсанова Юлия Алексеевна,Альфа-книга,2011
"Двери лица его, пламенники пасти его",Нет в продаже,Желязны Роджер,Эксмо,2019
Избранное. 451 по Фаренгейту и другие романы,Нет в продаже,Брэдбери Рэй,Эксмо,2017
Вовка-центровой. Среди легенд,Нет в продаже,Шопперт Андрей Готлибович,АСТ,2023
Месть железного дворфа,Нет в продаже,Сальваторе Роберт,Фантастика,2018
Отмороженный-2. Пушки к бою,Нет в продаже,Сухинин Владимир Александрович,Т8,2023
Капитан Америка. Зимний Солдат,Нет в продаже,Брубейкер Эд,Фантастика,2016
Ведьма и закон,Нет в продаже,Чепенко Евгения Андреевна,Альфа-книга,2015
Туманы Авалона,Нет в продаже,Брэдли Мэрион Зиммер,Эксмо,2018
Один шаг,Нет в продаже,Романовская Ольга,Альфа-книга,2016
Стальной охотник,Нет в продаже,Конычев Игорь Николаевич,АСТ,2017
Мошка в зенице Господней,2105,"Нивен Ларри, Пурнелл Джерри",Эксмо,2019
Апгрейд (DVD),Нет в продаже,Уоннелл Ли,НД Плэй,2018
Я - истребитель,Нет в продаже,Поселягин Владимир Геннадьевич,АСТ,2018
Железный ветер,Нет в продаже,"Николаев Игорь Игоревич, Поволоцкий Александр Борисович",АСТ,2019
Товарищ Брежнев. «Большой Сатурн»,745,Абрамов Дмитрий Владимирович,Эксмо,2022
Корейский вариант,Нет в продаже,Поселягин Владимир Геннадьевич,АСТ,2022
Второй шанс. Начало,Нет в продаже,Мишин Виктор,АСТ,2018
Княжья служба. Дальний рубеж,Нет в продаже,Корчевский Юрий Григорьевич,Эксмо,2018
Танец маленьких медведей. Очень маленький земной шар. Комплект в двух томах,Нет в продаже,Мифтахутдинов Альберт Валеевич,Престиж БУК,2023
Шолох. Орден Сумрачной Вуали,872,Крейн Антонина,Эксмо,2022
Фантазма. Любовь без точных координат,Нет в продаже,"Вешнева Ольга, Боровская Татьяна",Т8,2023
Пыльца в крови,Нет в продаже,Кибальчич Фима,Китони,2017
Высокие технологии. Из фантастики в реальность,Нет в продаже,Куруськина Мария,Проф-Пресс,2019
Морозова и другие,Нет в продаже,Шапран Елена Валентиновна,Интернациональный Союз писателей,2020
Звездная академия. Мужчина из научной фантастики,Нет в продаже,Косухина Наталья Викторовна,Т8,2020
Фантастическая девчонка,Нет в продаже,Ким Хечжон,АСТ,2024
Фантасмагория,Нет в продаже,Григоров Сергей Львович,Москва,2019
Дыша духами и туманами,Нет в продаже,Прашкевич Геннадий Мартович,Т8,2020
Атака Роя,Нет в продаже,Кумин Вячеслав,АСТ,2019
Теория невероятности. Поводырь крокодила. В 2-х томах,Нет в продаже,Анчаров Михаил Леонидович,Престиж БУК,2024
Мерцающие,Нет в продаже,Косматка Тед,АСТ,2017
Мы другие,Нет в продаже,Мухортин Константин Валерьевич,Эксмо,2016
Адепт,Нет в продаже,Пшехшта Адам,fanzon,2021
Избранница стража мглы,Нет в продаже,Чернованова Валерия Михайловна,Альфа-книга,2019
Штрафбат Павла Первого,Нет в продаже,Шкенев Сергей Николаевич,АСТ,2024
Искусство Джима Бернса. Гиперсвет,Нет в продаже,Бернс Джим,Фантастика,2017
Гроза» против «Барбароссы»,Нет в продаже,"Михайловский Александр Борисович, Харников Александр Петрович",АСТ,2017
Бои местного значения,Нет в продаже,Грибанов Роман Борисович,АСТ,2023
Демон Максвелла,Нет в продаже,Холл Стивен,АСТ,2024
Знакомые незнакомцы. Мир в прорези маски,Нет в продаже,Осинская Олеся,Альфа-книга,2013
CDmp3. Голова профессора Доуэля,Нет в продаже,Беляев Александр Романович,Ардис,2017
Злая Русь. Пронск,Нет в продаже,Калинин Даниил Сергеевич,АСТ,2023
Падение Левиафана,1715,Кори Джеймс,Фантастика,2023
Дверь в лето,Нет в продаже,Хайнлайн Роберт Энсон,Эксмо,2018
Флейта и Ветер,Нет в продаже,Янковский Дмитрий Валентинович,Центрполиграф,2002
"""Не тот"" человек",Нет в продаже,Муравьев Константин Николаевич,АСТ,2021
"Полдень, XXII век (2CDmp3)",Нет в продаже,"Стругацкий Аркадий Натанович, Стругацкий Борис Натанович",Ардис,2013
Принцесса Марса. Боги Марса. Владыка Марса,Нет в продаже,Берроуз Эдгар Райс,Азбука,2024
Эль Пунто,432,Колюжняк Виктор,Эксмо,2019
Око Золтара,Нет в продаже,Ффорде Джаспер,Эксмо-Пресс,2019
Безумный Макс. Поручик Империи,Нет в продаже,Ланцов Михаил Алексеевич,Эксмо,2018
Сотник из будущего. Балтийский рейд,Нет в продаже,Булычев Андрей Владимирович,АСТ,2024
Аббарр. Пепел и крылья,781,Wojik Helga,Эксмо,2020
Академия,657,Азимов Айзек,Эксмо,2019
Робот-зазнайка и другие фантастические истории,Нет в продаже,Каттнер Генри,Азбука,2022
В тени сгоревшего кипариса,Нет в продаже,Инодин Николай Михайлович,АСТ,2019
Страна вечного лета,Нет в продаже,Райаниеми Ханну,fanzon,2019
Лимонное зерно,Нет в продаже,Овалов Лев Сергеевич,Престиж БУК,2021
CDmp3 Хищные вещи века. Второе нашествие марсиан,Нет в продаже,"Стругацкий Аркадий Натанович, Стругацкий Борис Натанович",Ардис,2013
Следы на снегу,Нет в продаже,Брянцев Георгий Михайлович,Престиж БУК,2021
"Дни, полные любви и смерти. Лучшее",Нет в продаже,Лафферти Р.А.,Азбука,2021
Сепар,Нет в продаже,Поселягин Владимир Геннадьевич,АСТ,2024
"Пожиратель душ. Об ангелах, демонах и потусторонних кошмарах",Нет в продаже,Каттнер Генри,Азбука,2024
Лакки Старр и спутники Юпитера,Нет в продаже,Азимов Айзек,Эксмо,2018
На острие удара,Нет в продаже,Михеев Михаил Александрович,АСТ,2021
"Эххо. Зеркальный мир. Том 5. Экспресс ""Абиджан - Найроби"". Призрак в Пекине",Нет в продаже,Арлестон Кристоф,Фантастика,2024
Караул смерти,Нет в продаже,Дембски-Боуден Аарон,Фантастика,2019
Капитан Америка жив!,Нет в продаже,"Брубейкер Эд, Уэйд Марк, Стерн Роджер",Фантастика,2019
"Шаг влево, шаг вправо (2CDmp3)",Нет в продаже,Громов Александр Николаевич,Экстра-Принт,2014
Пути Миритов. Недобрые всходы,Нет в продаже,Канра Дана,Эксмо,2019
"Клан, которого нет",Нет в продаже,Муравьев Константин Николаевич,АСТ,2021
Ранняя пташка,Нет в продаже,Ффорде Джаспер,fanzon,2019
Чудеса продолжаются,Нет в продаже,Сухинин Владимир Александрович,Т8,2022
Первый шаг и в…,Нет в продаже,Синицын Владимир Сергеевич,АСТ,2024
Мендель Маранц,Нет в продаже,Фридман Давид,Престиж БУК,2021
Пасынки Вселенной,Нет в продаже,Хайнлайн Роберт Энсон,Азбука,2021
Алмазная одиссея (космоопера),Нет в продаже,Герцовский Георгий,Снежный Ком М,2019
Власть судьбы,Нет в продаже,Муравьев Константин Николаевич,АСТ,2022
Тирион и Теклис,2455,Кинг Уильям,Фантастика,2020
По следам корркобана,Нет в продаже,Фролов Андрей Евгеньевич,Аквилегия-М,2017
Тигр! Тигр!,Нет в продаже,Бестер Альфред,Эксмо,2019
Элантрис,Нет в продаже,Сандерсон Брендон,Азбука,2023
Проклятие на удачу,Нет в продаже,Савенко Валентина Алексеевна,Альфа-книга,2019
На краю вселенной Венома,Нет в продаже,"Хастингс Кристофер, Розенберг Мэттью, Ки Райан",Фантастика,2018
Голос Лема,Нет в продаже,"Дукай Яцек, Пискорский Кшиштоф, Мищак Анджей",АСТ,2017
Следовать новым курсом,711,Беломор Б.,АСТ,2021
Целитель. Пятилетку за три года!,781,Большаков Валерий Петрович,Эксмо,2022
Гиперборейская чума,Нет в продаже,"Лазарчук Андрей Геннадьевич, Успенский Михаил Глебович",Т8,2022
"Разведи меня, если сможешь",Нет в продаже,Ёрш Ника,Альфа-книга,2018
Варяг. Золото старых богов,Нет в продаже,Мазин Александр Владимирович,Эксмо,2017
Повелители Мечей. Серебряная Рука. Комплект из 2-х книг,Нет в продаже,Муркок Майкл,Фантастика,2018
Парень из преисподней. Волны гасят ветер (CDmp3),Нет в продаже,"Стругацкий Аркадий Натанович, Стругацкий Борис Натанович",Ардис,2014
"Хорнблауэр и ""Отчаянный""",Нет в продаже,Форестер Сесил Скотт,Вече,2017
Солярис. Ремастированный (DVD),Нет в продаже,Тарковский Андрей Арсеньевич,Крупный план,2007
За тридевять земель,844,Мекачима Екатерина,Эксмо,2021
Владелец,Нет в продаже,Гусейнова Ольга Вадимовна,Альфа-книга,2015
Средневековая история. Цена счастья,Нет в продаже,Гончарова Галина Дмитриевна,Альфа-книга,2015
"Герои Империи. Романы, рассказы",2143,Райт Крис,Фантастика,2022
Тысяча и один день (2CDmp3),Нет в продаже,Громов Александр Николаевич,Экстра-Принт,2014
Последний брат,Нет в продаже,Соколов Лев,АСТ,2012
Алмазные псы,Нет в продаже,Рейнольдс Аластер,Азбука,2021
Башня из грязи и веток,781,Барсуков Ярослав Владимирович,Эксмо,2022
Человек разрушенный,Нет в продаже,Бестер Альфред,Эксмо,2018
Мятежница,Нет в продаже,Эльденберт Марина,Альфа-книга,2019
Королева Солнца,Нет в продаже,Нортон Андрэ,Азбука,2021
Готрек и Феликс. Второй омнибус,2143,"Кинг Уильям, Гаймер Дэвид, Рейнольдс Джош",Фантастика,2021
Принц Хаоса (CDmp3),Нет в продаже,Желязны Роджер,Аудиокнига,2007
Мертвая академия. Печать крови,Нет в продаже,Лайм Сильвия,Альфа-книга,2019
Турецкий марш,Нет в продаже,"Харников Александр Петрович, Дынин Максим",АСТ,2020
Перелом,Нет в продаже,Протасов Сергей Альбертович,АСТ,2023
Загадка замка Орнекен,Нет в продаже,Леблан Морис,Вече,2023
Казачий спас,Нет в продаже,Трофимов Ерофей,АСТ,2022
Расширенная Вселенная,Нет в продаже,Хайнлайн Роберт Энсон,Азбука,2020
Падший,Нет в продаже,Манн Джордж,Фантастика,2019
Недостойный Тор,Нет в продаже,Аарон Джейсон,Фантастика,2019
Буря мечей. Пир стервятников,Нет в продаже,Мартин Джордж Р. Р.,АСТ,2019
Черное копье,624,Перумов Ник Даниилович,Эксмо-Пресс,2018
Служу Престолу и Отечеству,Нет в продаже,"Зурков Дмитрий Аркадьевич, Черепнев Игорь Аркадьевич",АСТ,2020
Греза,Нет в продаже,Фехервари Петер,Фантастика,2021
Пограничник. Пока светит солнце. В связи с особыми обстоятельствами,Нет в продаже,Конторович Александр Сергеевич,АСТ,2021
Веном. Книга 2,Нет в продаже,Ремендер Рик,Фантастика,2018
Путь на Амальтею. Повести и рассказы (CDmp3),Нет в продаже,"Стругацкий Аркадий Натанович, Стругацкий Борис Натанович",Ардис,2012
К западу от Эдема. Зима в Эдеме. Возвращение в Эдем,Нет в продаже,Гаррисон Гарри,Азбука,2024
"Нова. Да, и Гоморра",Нет в продаже,Дилэни Сэмюел,Азбука,2021
Остров обреченных,Нет в продаже,Сушинский Богдан Иванович,Вече,2018
Штормовые острова,654,Конторович Александр Сергеевич,Эксмо,2018
"Хранить вечно. Дело № I, Дело № II, Дело № III",Нет в продаже,Батыршин Борис Борисович,Секачев В.Ю.,2023
Безумный Макс. Генерал Империи,Нет в продаже,Ланцов Михаил Алексеевич,Эксмо,2020
Чёрный археолог. По ту сторону тайны. Конец игры,Нет в продаже,Быченин Александр Павлович,АСТ,2018
Швейцарец. Возвращение,522,Злотников Роман Валерьевич,Эксмо,2018
Детектив с лысой горы,Нет в продаже,Прокопович Александр Александрович,АСТ,2009
Искатели ветра (CDmp3),Нет в продаже,Пехов Алексей Юрьевич,Ардис,2016
Сталь императора,Нет в продаже,Васильев Сергей Александрович,АСТ,2021
Довмонт: неистовый князь,Нет в продаже,Посняков Андрей Анатольевич,АСТ,2018
Вика и ярость Оберона,Нет в продаже,"Ледруа Оливье, Дэй Томас",Фантастика,2015
Переписка И. А. Ефремова. Наука,Нет в продаже,Ефремов Иван Антонович,Престиж БУК,2024
Марсианские хроники,Нет в продаже,Брэдбери Рэй,Эксмо-Пресс,2016
Изгнанник,Нет в продаже,Сальваторе Роберт,Фантастика,2017
"Дорога за горизонтом. Сборник Загадка тетрадигитуса, Точка бифуркации",Нет в продаже,Батыршин Борис Борисович,Секачев В.Ю.,2023
Опоздавшие к лету. Том 2. Путь побежденных. Приманка для дьявола. Жестяной бор,Нет в продаже,Лазарчук Андрей Геннадьевич,Т8,2020
Задача выжить. Полигон,Нет в продаже,Атаманов Михаил,АСТ,2020
"Патент ""АВ""",399,Лагин Лазарь Иосифович,Амфора,2016
Скитальцы океана,Нет в продаже,Сушинский Богдан Иванович,Вече,2018
Воздухоплаватель. Во вражеском небе,682,Корчевский Юрий Григорьевич,Эксмо,2019
Стрелок. Несостоявшийся граф,Нет в продаже,Оченков Иван Валерьевич,АСТ,2022
Крепость на семи ветрах,617,Конторович Александр Сергеевич,Эксмо,2019
Карты судьбы (CDmp3),Нет в продаже,Желязны Роджер,Аудиокнига,2007
Кровь Иакса,1715,,Фантастика,2022
Дар Смерти,Нет в продаже,Любушкин Алексей Сергеевич,АСТ,2023
Осколки Северного сияния,Нет в продаже,Ясинская Марина Леонидовна,Аквилегия-М,2018
Иной мир. Перезагрузка,Нет в продаже,Шарипов Никита Эдуардович,АСТ,2024
Футуроцид. Продолженное настоящее,Нет в продаже,Столяров Андрей,Снежный Ком М,2021
У пределов мрака,Нет в продаже,Рэй Жан,Престиж БУК,2021
Клич стаи,Нет в продаже,Мороз Игорь Сергеевич,АСТ,2017
Руны Северного сияния,Нет в продаже,Ясинская Марина Леонидовна,Аквилегия-М,2021
Дикое поле,Нет в продаже,Конторович Александр Сергеевич,АСТ,2022
Повелитель вампиров,Нет в продаже,Гамильтон Эдмонд,Северо-Запад,2021
Темные не признаются в любви,Нет в продаже,Ежова Лана,Альфа-книга,2018
"Руки, полные пепла",Нет в продаже,Мэй,Эксмо,2022
Воины пустошей Хаоса,2728,Вернер К. Л.,Фантастика,2021
Практическая психология. Герцог,Нет в продаже,Успенская Ирина,Альфа-книга,2016
Эххо. Зеркальный мир. Том 3. Секрет прешонов. Далекий Юг,Нет в продаже,Арлестон Кристоф,Фантастика,2021
Призрак у ворот,Нет в продаже,Майн Рид Томас,Престиж БУК,2021
"Стилет для ""Тайфуна""",Нет в продаже,Алексеев Михаил Егорович,АСТ,2021
Собиратель,711,Поселягин Владимир Геннадьевич,АСТ,2022
Искатель,Нет в продаже,Макдевит Джек,Азбука,2014
Особый курьер (2CDmp3),Нет в продаже,Орлов Алекс,Экстра-Принт,2014
Хроники Амбера,2378,Желязны Роджер,Эксмо,2021
Тор,Нет в продаже,Стражински Дж. Майкл,Фантастика,2020
Бетагемот. Грубый корм. Непогрешимая,Нет в продаже,Уоттс Питер,АСТ,2019
Ракетчик звездной войны,Нет в продаже,Большаков Валерий Петрович,Яуза,2017
Алмазный век,856,Стивенсон Нил,fanzon,2023
Холодный ветер,Нет в продаже,Кизилов Александр,Престиж БУК,2024
Космические течения,740,Азимов Айзек,Эксмо,2019
Святая. Игра по темным правилам,Нет в продаже,Кароль Елена,Альфа-книга,2016
Мефистон. Город света,Нет в продаже,Хинкс Дариус,Фантастика,2020
Обитаемый остров (2CDmp3),Нет в продаже,"Стругацкий Аркадий Натанович, Стругацкий Борис Натанович",Ардис,2013
Кракен пробуждается. Паутина,Нет в продаже,Уиндем Джон,АСТ,2022
Севастополист,Нет в продаже,Панкратов Георгий Витальевич,АСТ,2023
Пансион искусных фавориток. Борьба за власть,Нет в продаже,Богданова Екатерина,Альфа-книга,2016
Фаза ингибиторов,Нет в продаже,Рейнольдс Аластер,Азбука,2022
Операция Гадюка,Нет в продаже,Булычев Кир,Вече,2020
Черный Легион,Нет в продаже,Дембски-Боуден Аарон,Фантастика,2018
Вторая Академия,740,Азимов Айзек,Эксмо,2018
"Прибалтийская ""мясорубка""",Нет в продаже,Старицын Виктор Карлович,АСТ,2022
Похищение чародея,Нет в продаже,Булычев Кир,Азбука,2023
"Плач по тем, кто остался жить",Нет в продаже,Юрьев Сергей,АСТ,2024
Олимп,Нет в продаже,Симмонс Дэн,Азбука,2023
Кровь Императора,1715,,Фантастика,2022
Арианна и Царство Двух Миров,Нет в продаже,Рэй Анна,Альфа-книга,2017
Ересь Хоруса. Книга VIII. Тени предательства,Нет в продаже,"Макнилл Грэм, Дембски-Боуден Аарон, Френч Джон",Фантастика,2021
Талларн,Нет в продаже,Френч Джон,Фантастика,2021
Звездный вымпел,Нет в продаже,Широков Алексей Викторович,АСТ,2017
Русские своих не бросают,Нет в продаже,"Харников Александр Петрович, Дынин Максим",АСТ,2020
Красный Жук,Нет в продаже,Сурмин Евгений Викторович,АСТ,2022
Нагаш Бессмертный. И нежить восстанет...,Нет в продаже,Ли Майк,Фантастика,2018
Тор. Книга 2,Нет в продаже,Стражински Дж. Майкл,Фантастика,2020
Посольский город,Нет в продаже,Мьевиль Чайна,fanzon,2020
Нат Пинкертон - король сыщиков. Дом ужаса,Нет в продаже,,Престиж БУК,2015
Разведчик,Нет в продаже,Михеев Михаил Александрович,АСТ,2021
Остров погибших кораблей (CDmp3),Нет в продаже,Беляев Александр Романович,Ардис,2017
Черные сердца,1929,Лонг Натан,Фантастика,2021
Поцелуй василиска,Нет в продаже,Флёр Полина,Альфа-книга,2017
Дунайские волны,Нет в продаже,Харников Александр Петрович,АСТ,2019
Игроки с Титана,Нет в продаже,Дик Филип Киндред,Эксмо,2018
Огонь. Демагог,Нет в продаже,Фокин Кирилл Валерьевич,Вече,2016
Рыцарь Ордена. Наследник Ордена. Рыцарь двух миров. Клинки у трона,Нет в продаже,Садов Сергей,АСТ,2019
Страж (CDmp3),Нет в продаже,Пехов Алексей Юрьевич,Ардис,2016
Золотые миражи,Нет в продаже,"Михайловский Александр Борисович, Харников Александр Петрович",АСТ,2020
Князь Вольдемар Старинов. Книга третья. Обретение дома,681,Садов Сергей,Эксмо,2019
Герой для Системы,Нет в продаже,"Шапочкин Александр Игоревич, Широков Алексей Викторович",АСТ,2019
Офицер: Офицер. Тактик. Стратег,Нет в продаже,"Земляной Андрей Борисович, Орлов Борис Львович",АСТ,2019
Ересь Хоруса. Книга II. Полет Эйзенштейна. Фулгрим. Сошествие Ангелов (иллюстрированное),3215,"Макнилл Грэм, Сваллоу Джеймс, Сканлон Митчел",Фантастика,2020
Император поневоле,Нет в продаже,Гулевич Александр Михайлович,АСТ,2018
Внучка бабы Яги,Нет в продаже,Коростышевская Татьяна Георгиевна,Альфа-книга,2014
Каисса,Нет в продаже,Чижков Виталий Алексеевич,АСТ,2023
Лыжник,Нет в продаже,Санфиров Александр Юрьевич,АСТ,2019
Шрайк,Нет в продаже,Манн Джордж,Фантастика,2018
2CDmp3. Двадцать тысяч лье под водой,Нет в продаже,Верн Жюль,Ардис,2010
Понедельник начинается в субботу. Трудно быть богом,Нет в продаже,"Стругацкий Аркадий Натанович, Стругацкий Борис Натанович",АСТ,2016
Цирк повелителя зверей,Нет в продаже,"Нортон Андрэ, Маккончи Линн",Азбука,2021
Божьи воины,Нет в продаже,Сапковский Анджей,АСТ,2018
Марсианские хроники,Нет в продаже,Брэдбери Рэй,Эксмо,2021
Безумная планета,Нет в продаже,Лейнстер Мюррей,Северо-Запад,2021
Счастье волков,Нет в продаже,Афанасьев Александр,Эксмо,2019
Искатель. Потерянный. Бродяга. Возвращение,Нет в продаже,Кружевский Дмитрий Сергеевич,АСТ,2018
Буря приключений,Нет в продаже,Фирсанова Юлия Алексеевна,Альфа-книга,2011
"Замуж за орка, или Эльфы тоже плачут",Нет в продаже,Успенская Ирина,Альфа-книга,2017
Возвращение домой,Нет в продаже,Комбат Найтов,АСТ,2020
"История возвышения вампиров, рассказанная людьми",Нет в продаже,Вилларил Рэймонд А.,АСТ,2022
Магические узы,Нет в продаже,Ефиминюк Марина Владимировна,Альфа-книга,2017
Младенец Фрей. Купидон,Нет в продаже,Булычев Кир,Вече,2019
Неприступный Севастополь. Круговая оборона,781,Савицкий Георгий Валериевич,Эксмо,2020
Укрощение дракона,784,Ардо Маргарита,Альфа-книга,2017
Красный Лотос,Нет в продаже,Саульский Аркадий,fanzon,2022
Невероятные детективы,Нет в продаже,Нестайко Всеволод Зиновьевич,Престиж БУК,2022
Шлак,Нет в продаже,Капитонов Николай Анатольевич,АСТ,2018
Месть нуба. Чертов данж,Нет в продаже,Винтеркей Серж,АСТ,2020
Истринский цикл. Лекарь. Маг. Военачальник. Серый властелин,Нет в продаже,Щепетнов Евгений Владимирович,АСТ,2018
Снежный князь,Нет в продаже,Полякова Маргарита,АСТ,2016
Пришествие Зверя. Том 3,Нет в продаже,"Аннандейл Дэвид, Сандерс Роб, Гаймер Дэвид",Фантастика,2020
Малышка и Карлссон-3. Мумия и Тролль,Нет в продаже,"Мазин Александр Владимирович, Гурова Анна Евгеньевна",Астрель,2012
Нет войне конца. Антология,Нет в продаже,"Макнилл Грэм, Дембски-Боуден Аарон, Кайм Ник",Фантастика,2017
Заповедник для академиков. 1934-1939 гг.,Нет в продаже,Булычев Кир,Вече,2019
Гибель единства,Нет в продаже,Хейли Гай,Фантастика,2016
Они были мелкие и золотокрылые,Нет в продаже,Лебединская Юлиана,Снежный Ком М,2022
Золотое побережье,Нет в продаже,Робинсон Ким Стэнли,Эксмо,2018
Этландия,Нет в продаже,Ингобор Эрик,Престиж БУК,2014
КОМОНС (Фантастическая трилогия),Нет в продаже,Батыршин Борис Борисович,Секачев В.Ю.,2021
Пятнадцатилетний капитан (2CDmp3),Нет в продаже,Верн Жюль,Ардис,2005
Джон Фландерс. Козодой,Нет в продаже,Рэй Жан,Престиж БУК,2021
Координаты чудес,Нет в продаже,Шекли Роберт,Азбука,2020
Охотник на шпионов,745,Морозов Владислав Юрьевич,Эксмо,2020
Черные паруса,Нет в продаже,Рейнольдс Аластер,Азбука,2021
Танкистка,Нет в продаже,Берг Александр,АСТ,2023
Хранитель волков,Нет в продаже,Лахлан Марк Даниэль,Клуб семейного досуга,2012
CDmp3 Сказка о тройке,Нет в продаже,"Стругацкий Аркадий Натанович, Стругацкий Борис Натанович",Ардис,2012
Крыса из нержавеющей стали,Нет в продаже,Гаррисон Гарри,Азбука,2021
Философская фантастика Станислава Лемма. Монография,600,Шафиков Сагит Гайлиевич,Флинта,2023
"Пистолет Фантастика, стреляет дисками, свет, звук",Нет в продаже,,Bondibon,2022
Потерянные сигналы. Тайная история фантастики,3466,Боскович Дезирина,Эксмо,2021
Невидимые планеты. Новейшая китайская фантастика,Нет в продаже,"Лю Цысинь, Ма Бойон, Чэнь Цюфань",fanzon,2021
Герой,Нет в продаже,Сальваторе Роберт,Фантастика,2020
"Всё страньше и страньше. Как теория относительности, рок-н-ролл и научная фантастика определили XX в",999,Хиггс Джон,Individuum,2022
Император Марса (подарочное издание),Нет в продаже,"Стил Аллен, Тидхар Леви, Рид Роберт",Фантастика,2019
Цель и средства. Лучшая фантастика - 2021,Нет в продаже,"Лукьяненко Сергей Васильевич, Зарубина Дарья Николаевна, Шаинян Карина Сергеевна",АСТ,2020
Гнев Тиамат,Нет в продаже,Кори Джеймс,Фантастика,2020
"Журнал ""Знание-сила. Фантастика"" № 1. 2017",Нет в продаже,,Журнал Знание-сила,2017
"Журнал ""Знание-сила. Фантастика"" № 1. 2019",Нет в продаже,Харичев Игорь Александрович,Журнал Знание-сила,2019
Автомат Фантастика,Нет в продаже,,Bondibon,2023
Broken Stars,3598,Liu Ken,Head of Zeus,2019
История Рунного посоха. Хроники замка Брасс. Комлект из 2 книг,Нет в продаже,Муркок Майкл,Фантастика,2020
Обнаженный бог,Нет в продаже,Гамильтон Питер,Фантастика,2019
Лучшая фантастика. Сборник,Нет в продаже,"Чан Тед, Уоттс Питер, Лю Кен",АСТ,2021
Путешествие через невозможное. Авантюрность и фантастика Великого Немого,973,Сальникова Екатерина,Канон+,2023
Автомат Фантастика,Нет в продаже,,Bondibon,2023
Сломанные звезды. Новейшая китайская фантастика,1156,"Лю Цысинь, Ся Цзя, Лю Кен",fanzon,2020
Перевернутое время. Г. К. Честертон и научная фантастика,649,Кларк Стивен Р. Л.,ББИ,2009
Темный разум,Нет в продаже,Эшер Нил,Фантастика,2018
"Журнал ""Знание-сила"". Фантастика. № 2 (27). 2018",Нет в продаже,Харичев Игорь Александрович,Журнал Знание-сила,2018
Легенда о Темном Эльфе. Переходы,Нет в продаже,Сальваторе Роберт,Фантастика,2021
Божественная фантастика,Нет в продаже,Нахин Пол Дж.,ДМК-Пресс,2020
Тихая война,Нет в продаже,Макоули Пол,Фантастика,2018
"Журнал ""Знание - сила. Фантастика"" № 1. 2020",Нет в продаже,Харичев Игорь Александрович,Журнал Знание-сила,2020
Темпоральная Бездна,Нет в продаже,Гамильтон Питер,Фантастика,2018
Сверхновая научная фантастика и киберпанк. Комплект из 3-х книг,Нет в продаже,"Ньюиц Аннали, Уилсон Роберт Чарльз, Тидхар Леви",fanzon,2020
Апокалиптический реализм. Научная фантастика Аркадия и Бориса Стругацких,Нет в продаже,Хауэлл Ивонн,Academic Studies Press,2021
Пистолет Фантастика со световыми и звуковыми эффектами,Нет в продаже,,Bondibon,2022
Время для мага. Лучшая фантастика - 2020,Нет в продаже,"Лукьяненко Сергей Васильевич, Белаш Александр, Некрасов Юрий Александрович",АСТ,2019
Территория Дозоров. Лучшая фантастика - 2019,Нет в продаже,Калябина А.,АСТ,2018
"Журнал ""Знание-сила. Фантастика"" № 1. 2018",Нет в продаже,Харичев Игорь Александрович,Журнал Знание-сила,2018
"Пистолет Фантастика, свет, звук, проекция",Нет в продаже,,Bondibon,2022
Наваждение. Лучшая фантастика — 2022,Нет в продаже,"Лукьяненко Сергей Васильевич, Пехов Алексей Юрьевич, Лукин Евгений Юрьевич",АСТ,2021
Фантастика и футурология. В 2-х томах,Нет в продаже,Лем Станислав,АСТ,2024
"Журнал ""Знание-сила. Фантастика"" № 2. 2017",Нет в продаже,,Журнал Знание-сила,2017
Пистолет Фантастика со световыми и звуковыми элементами,Нет в продаже,,Bondibon,2022
Русская фантастика-2017. Том 2,512,"Гелприн Майк, Тищенко Геннадий, Подзоров Павел",Эксмо,2017
Новая фантастика. Произведения начинающих писателей. 2020 год,Нет в продаже,"Головачев Василий Васильевич, Злотников Роман Валерьевич, Седов Сергей Анатольевич",Де'Либри,2020
Военная фантастика - лучшее,Нет в продаже,"Марченко Ростислав Александрович, Сорокин Игорь Владимирович, Найтов Комбат",АСТ,2019
Лучшая фантастика XXI века,Нет в продаже,"Лю Кен, Скальци Джон, Стросс Чарльз",АСТ,2017
Новая фантастика 2021. Антология №5,Нет в продаже,"Шохан Татьяна, Бухштабер Полина, Белая Августа",Де'Либри,2021
Большая фантастика. Новое поколение. Комплект из 3-х книг,Нет в продаже,"Нёвель Сильвен, Мэстай Элан, Макинтош Уилл",fanzon,2020
Новая фантастика. Антология № 6,Нет в продаже,"Головачев Василий Васильевич, Ивченко Елена, Стрельченко Дарина Александровна",Де'Либри,2022
Цена бессмертия. Наша старая добрая фантастика,Нет в продаже,"Биленкин Дмитрий Александрович, Журавлёва Валентина Николаевна, Пухов Михаил Георгиевич",Азбука,2018
Фантастика без границ-2. Запределье,Нет в продаже,"Лазаренко Ирина, Лазарев Дмитрий Владимирович, Сафин Эльдар Фаритович",Т8,2021
Настоящая фантастика-2019,Нет в продаже,"Головачев Василий Васильевич, Лукьяненко Сергей Васильевич, Гелприн Майк",Эксмо,2019
Русская фантастика-2019. Том первый,Нет в продаже,"Аваков Сергей Сергеевич, Александер Александр, Анискова Наталья",Эксмо,2019
Безлюди. Одноглазый дом,454,Юркина Женя,Эксмо,2023
Исправленному верить,530,Тумко Натали,"Общенациональная ассоциация молодых музыкантов, поэтов и прозаиков",2022
1924 год. Старовер,369,Тюрин Виктор Иванович,АСТ,2023
Проект,213,Землянский Олег,"Общенациональная ассоциация молодых музыкантов, поэтов и прозаиков",2021
Ремнант: Все еще вижу тебя (DVD),226,,НД Плэй,2018
Солнце в VIII доме,322,Феддо Катарина,"Общенациональная ассоциация молодых музыкантов, поэтов и прозаиков",2022
DVD. Зои,226,Доримус Дрейк,НД Плэй,2018
Лучший институт - удачно выйти замуж,464,Помазуева Елена Александровна,Альфа-книга,2020
Первое испытание,434,Пищенко Виталий Иванович,Вече,2021
Ложные выводы. Том 4,590,Сиродайра Кё,Фантастика,2022
"Уездный детектив. Незваный, но желанный",496,Коростышевская Татьяна Георгиевна,Альфа-книга,2021
Маски сбежавшей невесты,512,"Волжская Анастасия, Яблонцева Валерия",Альфа-книга,2022
Веном. Космический рыцарь. Книга 2: Враги и союзники,451,Томпсон Робби,Фантастика,2020
Прикосновение зверя,236,Аро Ольга,Альфа-книга,2021
Пилот ракетоносца. Вижу цель,306,Мах Макс,АСТ,2020
Эльфийка вишневых кровей,252,Кароль Елена,Альфа-книга,2016
"Русский щит, или Конец Большой игры",563,"Федотов Дмитрий Станиславович, Плещеева Дарья",Вече,2024
Образцовый самец,236,Кузнецова Дарья Андреевна,Альфа-книга,2020
Избранная и беглец,248,Штерн Оливия,Альфа-книга,2021
Ковен заблудших ведьм,373,Гор Анастасия,Черным-бело,2024
Превентивный удар,356,Муравьев Константин Николаевич,АСТ,2022
Маски. Иллюзия заблуждений,263,Медведева Алена Викторовна,Альфа-книга,2017
Меч некроманта,434,Кудрявцев Леонид Викторович,Вече,2021
Фаворит. Книга вторая. Его Таврида,570,Пикуль Валентин Саввич,Центрполиграф,2021
Соломон Кейн и другие герои. Рассказы и повести,700,Говард Роберт Ирвин,Феникс,2022
"С любовью, теща!",496,Валентеева Ольга Александровна,Альфа-книга,2021
"Кинг Конг, 2005. Конг. Остров Черепа (3DVD)",544,,НД Плэй,2023
Ариэль,238,Беляев Александр Романович,Малыш,2022
Шествие динозавров,237,Филенко Евгений Иванович,Вече,2018
Видеоблог вампира,422,Максимов Макс,Эксмо,2020
Призрак в желтой коляске,616,Киплинг Редьярд Джозеф,Текст,2023
Напарницы,252,Консуэло Ольга,Альфа-книга,2021
Именем Тьмы. Время инверсий,622,Васильев Владимир Николаевич,Феникс,2024
Ай-тере. Великая ночь,496,Валентеева Ольга Александровна,Альфа-книга,2021
Ай-тере. Бракованный подарок,472,Валентеева Ольга Александровна,Альфа-книга,2021
Янтарь лорда демонов. Избранная светом,248,Грон Ольга,Альфа-книга,2021
Фокус мироздания,496,Кароль Елена,Альфа-книга,2022
Все зло в шоколаде!,504,Фирсанова Юлия Алексеевна,Альфа-книга,2021
За девятое небо,518,Мекачима Екатерина,Эксмо,2022
Ангрон. Раб Нуцерии,1029,Сент-Мартин Иэн,Фантастика,2020
Гора раздора,228,Шевченко Ирина Сергеевна,Альфа-книга,2018
Прислуга в гостинице духов,504,Матлак Ирина Александровна,Альфа-книга,2021
Чертова ведьма,472,Вайс Лора,Альфа-книга,2020
Дом Ворона,512,Мирович Анна,Альфа-книга,2022
Солнечная война,858,Френч Джон,Фантастика,2021
Целительница,504,Бульба Наталья Владимировна,Альфа-книга,2021
Призраки на болоте,1158,Штробль Карл Ханс,Престиж БУК,2024
Ромашка для ведьмы,472,Валентеева Ольга Александровна,Альфа-книга,2021
Сердце академии магии,496,Владимирова Наталья,Альфа-книга,2021
Тайна двух океанов,208,Адамов Григорий Борисович,Амфора,2015
Вычислитель,919,Громов Александр Николаевич,Феникс,2024
Кай,486,Анжело Алекс,Эксмо,2023
"Любовь не на шутку, или Райд Эллэ за!",432,Черникова Любовь Сергеевна,Альфа-книга,2018
О моём перерождении в слизь. Том 5,590,"Фусэ, Каваками Тайки, Миц Ва",Фантастика,2022
Ящик с секретом,1158,Нестайко Всеволод Зиновьевич,Престиж БУК,2022
След паука. Пес императора,536,Шнайдер Анна,Альфа-книга,2022
Огнедышащий,268,Антонова Тамара Николаевна,"Общенациональная ассоциация молодых музыкантов, поэтов и прозаиков",2020
"Путь, выбирающий нас",235,Панкеева Оксана Петровна,Альфа-книга,2014
Реквием Крысиному королю,868,Витковский Евгений Владимирович,Престиж БУК,2021
Времени нет,390,Брусницын Алексей,Яуза,2024
Невеста врага,472,Иванова Ольга Дмитриевна,Альфа-книга,2021
Нужен муж! Срочно!,448,Жарова Наталья Сергеевна,Альфа-книга,2019
Невыносимая мисс Пэг,248,Мирошник Ксения Викторовна,Альфа-книга,2021
Второй Эфир,858,Муркок Майкл,Фантастика,2023
Дремлющая Бездна,553,Гамильтон Питер,Фантастика,2017
Звезда Пандоры,965,Гамильтон Питер,Фантастика,2022
Святые Спасения,804,Гамильтон Питер,Фантастика,2023
Второе поколение,643,"Уэйс Маргарет, Хикмэн Трэйси",Фантастика,2021
Звездная дорога,461,Гамильтон Питер,Фантастика,2017
Ночь без звезд,965,Гамильтон Питер,Фантастика,2023
Спасение,804,Гамильтон Питер,Фантастика,2023
